Id,MSSubClass,LotArea,OverallQual,OverallCond,YearRemodAdd,RoofStyle,BsmtFinSF1,BsmtUnfSF,TotalBsmtSF,FirstFlrSF,SecondFlrSF,GrLivArea,GarageArea,MoSold,SaleCondition,SalePrice
1,60,8450,7,5,2003,Gable,706,150,856,856,854,1710,548,2,Normal,208500
2,20,9600,6,8,1976,Gable,978,284,1262,1262,0,1262,460,5,Normal,181500
3,60,11250,7,5,2002,Gable,486,434,920,920,866,1786,608,9,Normal,223500
4,70,9550,7,5,1970,Gable,216,540,756,961,756,1717,642,2,Abnorml,140000
5,60,14260,8,5,2000,Gable,655,490,1145,1145,1053,2198,836,12,Normal,250000
6,50,14115,5,5,1995,Gable,732,64,796,796,566,1362,480,10,Normal,143000
7,20,10084,8,5,2005,Gable,1369,317,1686,1694,0,1694,636,8,Normal,307000
8,60,10382,7,6,1973,Gable,859,216,1107,1107,983,2090,484,11,Normal,200000
9,50,6120,7,5,1950,Gable,0,952,952,1022,752,1774,468,4,Abnorml,129900
10,190,7420,5,6,1950,Gable,851,140,991,1077,0,1077,205,1,Normal,118000
11,20,11200,5,5,1965,Hip,906,134,1040,1040,0,1040,384,2,Normal,129500
12,60,11924,9,5,2006,Hip,998,177,1175,1182,1142,2324,736,7,Partial,345000
13,20,12968,5,6,1962,Hip,737,175,912,912,0,912,352,9,Normal,144000
14,20,10652,7,5,2007,Gable,0,1494,1494,1494,0,1494,840,8,Partial,279500
15,20,10920,6,5,1960,Hip,733,520,1253,1253,0,1253,352,5,Normal,157000
16,45,6120,7,8,2001,Gable,0,832,832,854,0,854,576,7,Normal,132000
17,20,11241,6,7,1970,Gable,578,426,1004,1004,0,1004,480,3,Normal,149000
18,90,10791,4,5,1967,Gable,0,0,0,1296,0,1296,516,10,Normal,90000
19,20,13695,5,5,2004,Gable,646,468,1114,1114,0,1114,576,6,Normal,159000
20,20,7560,5,6,1965,Hip,504,525,1029,1339,0,1339,294,5,Abnorml,139000
21,60,14215,8,5,2006,Gable,0,1158,1158,1158,1218,2376,853,11,Partial,325300
22,45,7449,7,7,1950,Gable,0,637,637,1108,0,1108,280,6,Normal,139400
23,20,9742,8,5,2002,Hip,0,1777,1777,1795,0,1795,534,9,Normal,230000
24,120,4224,5,7,1976,Gable,840,200,1040,1060,0,1060,572,6,Normal,129900
25,20,8246,5,8,2001,Gable,188,204,1060,1060,0,1060,270,5,Normal,154000
26,20,14230,8,5,2007,Gable,0,1566,1566,1600,0,1600,890,7,Normal,256300
27,20,7200,5,7,2000,Gable,234,180,900,900,0,900,576,5,Normal,134800
28,20,11478,8,5,2008,Gable,1218,486,1704,1704,0,1704,772,5,Normal,306000
29,20,16321,5,6,1997,Gable,1277,207,1484,1600,0,1600,319,12,Normal,207500
30,30,6324,4,6,1950,Gable,0,520,520,520,0,520,240,5,Normal,68500
31,70,8500,4,4,1950,Gambrel,0,649,649,649,668,1317,250,7,Normal,40000
32,20,8544,5,6,2006,Gable,0,1228,1228,1228,0,1228,271,6,Normal,149350
33,20,11049,8,5,2007,Gable,0,1234,1234,1234,0,1234,484,1,Normal,179900
34,20,10552,5,5,1959,Hip,1018,380,1398,1700,0,1700,447,4,Normal,165500
35,120,7313,9,5,2005,Hip,1153,408,1561,1561,0,1561,556,8,Normal,277500
36,60,13418,8,5,2005,Gable,0,1117,1117,1132,1320,2452,691,9,Normal,309000
37,20,10859,5,5,1995,Gable,0,1097,1097,1097,0,1097,672,6,Normal,145000
38,20,8532,5,6,1990,Hip,1213,84,1297,1297,0,1297,498,10,Normal,153000
39,20,7922,5,7,2007,Gable,731,326,1057,1057,0,1057,246,1,Abnorml,109000
40,90,6040,4,5,1955,Gable,0,0,0,1152,0,1152,0,6,AdjLand,82000
41,20,8658,6,5,1965,Gable,643,445,1088,1324,0,1324,440,12,Abnorml,160000
42,20,16905,5,6,1959,Gable,967,383,1350,1328,0,1328,308,7,Normal,170000
43,85,9180,5,7,1983,Gable,747,0,840,884,0,884,504,12,Normal,144000
44,20,9200,5,6,1980,Hip,280,167,938,938,0,938,308,7,Normal,130250
45,20,7945,5,6,1959,Gable,179,465,1150,1150,0,1150,300,5,Normal,141000
46,120,7658,9,5,2005,Hip,456,1296,1752,1752,0,1752,576,2,Normal,319900
47,50,12822,7,5,2003,Gable,1351,83,1434,1518,631,2149,670,8,Abnorml,239686
48,20,11096,8,5,2006,Gable,24,1632,1656,1656,0,1656,826,7,Normal,249700
49,190,4456,4,5,2008,Gable,0,736,736,736,716,1452,0,6,Partial,113000
50,20,7742,5,7,1966,Gable,763,192,955,955,0,955,386,1,Normal,127000
51,60,13869,6,6,1997,Gable,182,612,794,794,676,1470,388,7,Normal,177000
52,50,6240,6,6,1950,Gable,0,816,816,816,0,1176,528,9,Normal,114500
53,90,8472,5,5,1963,Gable,104,0,816,816,0,816,516,5,Normal,110000
54,20,50271,9,5,1987,Gable,1810,32,1842,1842,0,1842,894,11,Normal,385000
55,80,7134,5,5,1955,Gable,384,0,384,1360,0,1360,572,2,Normal,130000
56,20,10175,6,5,1964,Gable,490,935,1425,1425,0,1425,576,7,Normal,180500
57,160,2645,8,5,2000,Gable,649,321,970,983,756,1739,480,8,Abnorml,172500
58,60,11645,7,5,2004,Gable,0,860,860,860,860,1720,565,8,Normal,196500
59,60,13682,10,5,2006,Hip,0,1410,1410,1426,1519,2945,641,10,Partial,438780
60,20,7200,5,7,1972,Gable,632,148,780,780,0,780,352,1,Normal,124900
61,20,13072,6,5,2004,Gable,941,217,1158,1158,0,1158,576,5,Partial,158000
62,75,7200,5,7,1996,Gable,0,530,530,581,530,1111,288,3,Normal,101000
63,120,6442,8,5,2006,Gable,24,1346,1370,1370,0,1370,484,10,Normal,202500
64,70,10300,7,6,1950,Gable,0,576,576,902,808,1710,480,4,Normal,140000
65,60,9375,7,5,1998,Gable,739,318,1057,1057,977,2034,645,2,Normal,219500
66,60,9591,8,5,2005,Gable,0,1143,1143,1143,1330,2473,852,10,Normal,317000
67,20,19900,7,5,1989,Gable,912,1035,1947,2207,0,2207,576,7,Normal,180000
68,20,10665,7,5,2003,Gable,1013,440,1453,1479,0,1479,558,6,Normal,226000
69,30,4608,4,6,1950,Gable,0,747,747,747,0,747,220,6,Normal,80000
70,50,15593,7,4,1953,Gable,603,701,1304,1304,983,2287,667,7,Normal,225000
71,20,13651,7,6,1973,Gable,1880,343,2223,2223,0,2223,516,2,Normal,244000
72,20,7599,4,6,2006,Gable,565,280,845,845,0,845,360,6,Normal,129500
73,60,10141,7,5,1998,Gable,0,832,832,885,833,1718,427,12,Normal,185000
74,20,10200,5,7,2003,Gable,320,404,1086,1086,0,1086,490,5,Normal,144900
75,50,5790,3,6,1950,Gambrel,0,840,840,840,765,1605,379,5,Normal,107400
76,180,1596,4,5,1973,Gable,462,0,462,526,462,988,297,11,Normal,91000
77,20,8475,4,7,1956,Gable,228,724,952,952,0,952,283,4,Normal,135750
78,50,8635,5,5,2001,Gable,336,295,672,1072,213,1285,240,1,Normal,127000
79,90,10778,4,5,1968,Hip,0,1768,1768,1768,0,1768,0,4,Normal,136500
80,50,10440,5,6,1981,Gable,0,440,440,682,548,1230,440,5,Normal,110000
81,60,13000,6,6,1968,Gable,448,448,896,1182,960,2142,509,6,Normal,193500
82,120,4500,6,5,1998,Hip,1201,36,1237,1337,0,1337,405,3,Normal,153500
83,20,10206,8,5,2007,Gable,33,1530,1563,1563,0,1563,758,10,Normal,245000
84,20,8892,5,5,1960,Gable,0,1065,1065,1065,0,1065,461,7,Normal,126500
85,80,8530,7,5,1996,Gable,0,384,384,804,670,1474,400,5,Normal,168500
86,60,16059,8,5,1992,Hip,0,1288,1288,1301,1116,2417,462,4,Normal,260000
87,60,11911,6,5,2005,Gable,0,684,684,684,876,1560,400,3,Normal,174000
88,160,3951,6,5,2009,Gable,0,612,612,612,612,1224,528,6,Partial,164500
89,50,8470,3,2,1982,Hip,0,1013,1013,1013,0,1526,0,10,Abnorml,85000
90,20,8070,4,5,1995,Gable,588,402,990,990,0,990,0,8,Normal,123600
91,20,7200,4,5,1950,Gable,0,0,0,1040,0,1040,420,7,Normal,109900
92,20,8500,5,3,1961,Hip,600,635,1235,1235,0,1235,480,12,Abnorml,98600
93,30,13360,5,7,2006,Gable,713,163,876,964,0,964,432,8,Normal,163500
94,190,7200,6,6,1998,Hip,1046,168,1214,1260,1031,2291,506,11,Normal,133900
95,60,9337,6,5,1997,Gable,648,176,824,905,881,1786,684,5,Normal,204750
96,60,9765,6,8,1993,Gable,310,370,680,680,790,1470,420,4,Normal,185000
97,20,10264,7,5,1999,Gable,1162,426,1588,1588,0,1588,472,8,Normal,214000
98,20,10921,4,5,1965,Hip,520,440,960,960,0,960,432,5,Normal,94750
99,30,10625,5,5,1950,Gable,108,350,458,835,0,835,366,5,Abnorml,83000
100,20,9320,4,5,1959,Gable,569,381,950,1225,0,1225,0,1,Normal,128950
101,20,10603,6,7,2001,Gable,1200,410,1610,1610,0,1610,480,2,Normal,205000
102,60,9206,6,5,1985,Gable,0,741,741,977,755,1732,476,6,Normal,178000
103,90,7018,5,5,1979,Gable,0,0,0,1535,0,1535,410,6,Alloca,118964
104,20,10402,7,5,2009,Gable,0,1226,1226,1226,0,1226,740,5,Normal,198900
105,50,7758,7,4,1950,Gable,224,816,1040,1226,592,1818,240,6,Normal,169500
106,60,9375,8,5,2004,Hip,0,1053,1053,1053,939,1992,648,8,Normal,250000
107,30,10800,4,7,1995,Mansard,0,641,641,1047,0,1047,273,8,Normal,100000
108,20,6000,5,5,1950,Gable,104,516,789,789,0,789,250,4,Partial,115000
109,50,8500,5,7,2005,Gable,0,793,793,997,520,1517,0,8,Normal,115000
110,20,11751,6,6,1977,Hip,705,1139,1844,1844,0,1844,546,1,Normal,190000
111,50,9525,6,4,1972,Gable,444,550,994,1216,639,1855,325,10,Normal,136900
112,80,7750,7,5,2000,Gable,250,134,384,774,656,1430,400,4,Normal,180000
113,60,9965,7,5,2007,Gable,984,280,1264,1282,1414,2696,792,10,Partial,383970
114,20,21000,6,5,1953,Hip,35,905,1809,2259,0,2259,450,10,Abnorml,217000
115,70,7259,6,8,2002,Gambrel,774,104,1028,1436,884,2320,180,7,Normal,259500
116,160,3230,6,5,1999,Gable,419,310,729,729,729,1458,440,6,Normal,176000
117,20,11616,5,5,1962,Gable,170,252,1092,1092,0,1092,288,9,Normal,139000
118,20,8536,5,5,2007,Gable,0,1125,1125,1125,0,1125,430,4,Partial,155000
119,60,12376,7,5,1990,Hip,1470,203,1673,1699,1523,3222,594,5,Normal,320000
120,60,8461,6,5,2006,Gable,0,728,728,728,728,1456,390,7,Partial,163990
121,80,21453,6,5,1969,Flat,938,0,938,988,0,988,540,10,Normal,180000
122,50,6060,4,5,1950,Gable,0,732,732,772,351,1123,264,6,Normal,100000
123,20,9464,6,7,1958,Hip,570,510,1080,1080,0,1080,288,6,Normal,136000
124,120,7892,6,5,1993,Gable,300,899,1199,1199,0,1199,530,3,Normal,153900
125,20,17043,6,5,1998,Gable,0,1362,1362,1586,0,1586,435,1,Normal,181000
126,190,6780,6,8,1982,Gable,490,30,520,520,0,754,0,6,Normal,84500
127,120,4928,6,5,1976,Gable,120,958,1078,958,0,958,440,2,Normal,128000
128,45,4388,5,7,1950,Gable,116,556,672,840,0,840,0,6,Normal,87000
129,60,7590,6,5,1966,Gable,512,148,660,660,688,1348,453,7,Normal,155000
130,20,8973,5,7,1991,Gable,567,413,1008,1053,0,1053,750,7,Abnorml,150000
